{"cameraMode":{"drawMode":0,"name":"Shaded","section":"Shading Mode"},"sceneLighting":true,"audioPlay":false,"sceneViewState":{"showFog":true,"showMaterialUpdate":false,"showSkybox":true,"showFlares":false,"showImageEffects":false,"showParticleSystems":false},"in2DMode":false,"pivot":{"x":-79.52334594726563,"y":-56.42365264892578,"z":104.48040771484375},"rotation":{"x":-0.18811845779418946,"y":0.31258246302604678,"z":-0.06330132484436035,"w":-0.9289237856864929},"size":166.1737060546875,"orthographic":false}