{"cameraMode":{"drawMode":0,"name":"Shaded","section":"Shading Mode"},"sceneLighting":true,"audioPlay":false,"sceneViewState":{"showFog":true,"showMaterialUpdate":false,"showSkybox":true,"showFlares":false,"showImageEffects":false,"showParticleSystems":false},"in2DMode":false,"pivot":{"x":8.543062210083008,"y":2.6702587604522707,"z":3.4292049407958986},"rotation":{"x":0.05032731592655182,"y":-0.5729278922080994,"z":0.03527954965829849,"w":0.8172982335090637},"size":1.498810052871704,"orthographic":false}