{"cameraMode":{"drawMode":0,"name":"Shaded","section":"Shading Mode"},"sceneLighting":true,"audioPlay":false,"sceneViewState":{"showFog":true,"showMaterialUpdate":false,"showSkybox":true,"showFlares":false,"showImageEffects":false,"showParticleSystems":false},"in2DMode":false,"pivot":{"x":8.372113227844239,"y":2.976433515548706,"z":3.033597946166992},"rotation":{"x":0.24408581852912904,"y":0.5275439620018005,"z":-0.16145628690719605,"w":0.7975295782089233},"size":5.588794708251953,"orthographic":false}