{"cameraMode":{"drawMode":0,"name":"Shaded","section":"Shading Mode"},"sceneLighting":false,"audioPlay":false,"sceneViewState":{"showFog":true,"showMaterialUpdate":false,"showSkybox":false,"showFlares":false,"showImageEffects":false,"showParticleSystems":false},"in2DMode":false,"pivot":{"x":0.2800000011920929,"y":-0.32455241680145266,"z":1.0988028049468995},"rotation":{"x":0.24408581852912904,"y":0.5275439620018005,"z":-0.16145628690719605,"w":0.7975295782089233},"size":3.0563321113586427,"orthographic":false}