{"cameraMode":{"drawMode":0,"name":"Shaded","section":"Shading Mode"},"sceneLighting":false,"audioPlay":false,"sceneViewState":{"showFog":true,"showMaterialUpdate":false,"showSkybox":true,"showFlares":false,"showImageEffects":false,"showParticleSystems":false},"in2DMode":false,"pivot":{"x":6.098783016204834,"y":2.802535057067871,"z":2.986473321914673},"rotation":{"x":-0.05731838941574097,"y":-0.5006198883056641,"z":0.03324449807405472,"w":-0.8631275296211243},"size":0.08521008491516113,"orthographic":false}